pair,model,trades,win_rate,total_pnl,model_acc
EURUSD=X,rule,8,37.5,6.118771765426285,0.0
EURUSD=X,xgboost,7,42.857142857142854,6.86098456529168,0.5609756097560976
EURUSD=X,rf,6,50.0,7.441581567267075,0.5487804878048781
EURUSD=X,svm_hmm,6,33.33333333333333,3.5271053438295477,0.524390243902439
USDJPY=X,rule,12,25.0,2.2086319590561603,0.0
USDJPY=X,xgboost,7,28.57142857142857,3.333018179404702,0.5833333333333334
USDJPY=X,rf,5,40.0,7.493317065326504,0.5357142857142857
USDJPY=X,svm_hmm,11,27.27272727272727,2.5366584142128494,0.5476190476190477
GBPUSD=X,rule,10,40.0,9.43305042277097,0.0
GBPUSD=X,xgboost,9,33.33333333333333,2.6821259183706774,0.6265060240963856
GBPUSD=X,rf,7,57.14285714285714,10.818764669452776,0.5783132530120482
GBPUSD=X,svm_hmm,5,40.0,3.7311988792505297,0.5542168674698795
USDCHF=X,rule,6,33.33333333333333,2.705343323522044,0.0
USDCHF=X,xgboost,7,42.857142857142854,5.931089603594232,0.5308641975308642
USDCHF=X,rf,7,42.857142857142854,6.206349239125429,0.5679012345679012
USDCHF=X,svm_hmm,5,40.0,4.075942870428018,0.4567901234567901
AUDUSD=X,rule,6,33.33333333333333,5.917361990933944,0.0
AUDUSD=X,xgboost,6,16.666666666666664,-4.757512925616226,0.5697674418604651
AUDUSD=X,rf,7,14.285714285714285,-7.457945595907893,0.47674418604651164
AUDUSD=X,svm_hmm,6,16.666666666666664,-4.999409445176267,0.45348837209302323
NZDUSD=X,rule,13,7.6923076923076925,-17.24497456703477,0.0
NZDUSD=X,xgboost,7,0.0,-12.816756087135047,0.632183908045977
NZDUSD=X,rf,7,0.0,-12.734850387790335,0.5747126436781609
NZDUSD=X,svm_hmm,8,0.0,-14.559304604967338,0.5402298850574713
USDCAD=X,rule,11,36.36363636363637,1.51067846413518,0.0
USDCAD=X,xgboost,9,44.44444444444444,5.534831142213038,0.4657534246575342
USDCAD=X,rf,4,25.0,-0.13524775611773365,0.547945205479452
USDCAD=X,svm_hmm,8,37.5,0.8775985944089637,0.5068493150684932
EURGBP=X,rule,7,14.285714285714285,-1.8046097002388741,0.0
EURGBP=X,xgboost,7,14.285714285714285,-1.8698482443262225,0.5866666666666667
EURGBP=X,rf,6,16.666666666666664,0.13361759652670568,0.56
EURGBP=X,svm_hmm,6,16.666666666666664,-0.19044946766782078,0.4266666666666667
EURJPY=X,rule,11,27.27272727272727,3.768433781739475,0.0
EURJPY=X,xgboost,5,40.0,4.862891290985312,0.5465116279069767
EURJPY=X,rf,4,50.0,6.475881357535076,0.46511627906976744
EURJPY=X,svm_hmm,1,100.0,4.300340398492631,0.47674418604651164
EURCAD=X,rule,7,42.857142857142854,7.397926920171432,0.0
EURCAD=X,xgboost,7,42.857142857142854,7.030893046834864,0.5925925925925926
EURCAD=X,rf,6,50.0,5.572656092936125,0.48148148148148145
EURCAD=X,svm_hmm,4,50.0,4.548969906574785,0.6049382716049383
EURCHF=X,rule,10,30.0,0.6526004350891528,0.0
EURCHF=X,xgboost,7,28.57142857142857,0.9281854886356238,0.5263157894736842
EURCHF=X,rf,5,20.0,-1.249481163320346,0.5263157894736842
EURCHF=X,svm_hmm,3,33.33333333333333,0.9962328978605812,0.47368421052631576
EURSEK=X,rule,8,12.5,-5.258355561058277,0.0
EURSEK=X,xgboost,8,12.5,-4.373503118753643,0.5769230769230769
EURSEK=X,rf,8,12.5,-4.361992316501277,0.5641025641025641
EURSEK=X,svm_hmm,8,12.5,-4.572874603224041,0.5
GBPJPY=X,rule,7,28.57142857142857,1.4557697804657606,0.0
GBPJPY=X,xgboost,8,25.0,-2.285124350998654,0.6705882352941176
GBPJPY=X,rf,1,0.0,-1.19007604519519,0.5294117647058824
GBPJPY=X,svm_hmm,5,20.0,-0.8465151069068051,0.5647058823529412
GBPCHF=X,rule,7,28.57142857142857,-3.177772844293231,0.0
GBPCHF=X,xgboost,6,16.666666666666664,-4.520287060625774,0.5454545454545454
GBPCHF=X,rf,4,25.0,-2.100430893686344,0.5194805194805194
GBPCHF=X,svm_hmm,0,0.0,0.0,0.38961038961038963
AUDJPY=X,rule,10,30.0,0.10225699013117762,0.0
AUDJPY=X,xgboost,6,50.0,9.233941509326723,0.5357142857142857
AUDJPY=X,rf,2,50.0,4.118477322174802,0.5238095238095238
AUDJPY=X,svm_hmm,2,50.0,4.153078180227613,0.5357142857142857
USDZAR=X,rule,11,0.0,-59.29234053286984,0.0
USDZAR=X,xgboost,8,0.0,-36.87373806099609,0.5164835164835165
USDZAR=X,rf,8,0.0,-35.717126229123295,0.5494505494505495
USDZAR=X,svm_hmm,12,8.333333333333332,-37.65386056062885,0.5054945054945055
USDMXN=X,rule,11,27.27272727272727,8.038562911719286,0.0
USDMXN=X,xgboost,7,42.857142857142854,16.78736845880072,0.6024096385542169
USDMXN=X,rf,8,37.5,9.368397812536926,0.5903614457831325
USDMXN=X,svm_hmm,2,100.0,16.704208105805012,0.6144578313253012
USDCNY=X,rule,1,0.0,0.0,0.0
USDCNY=X,xgboost,1,0.0,0.0,0.6818181818181818
USDCNY=X,rf,1,0.0,0.0,0.5151515151515151
USDCNY=X,svm_hmm,1,0.0,0.0,0.5606060606060606
USDINR=X,rule,5,60.0,1.7193936944636066,0.0
USDINR=X,xgboost,1,100.0,1.6258986322389344,0.6
USDINR=X,rf,1,100.0,1.6258986322389344,0.6333333333333333
USDINR=X,svm_hmm,1,100.0,1.5071809005870211,0.6
USDRUB=X,rule,10,20.0,-5.200237266901867,0.0
USDRUB=X,xgboost,13,23.076923076923077,-2.839845826363436,0.5054945054945055
USDRUB=X,rf,14,21.428571428571427,-0.9404915767853952,0.46153846153846156
USDRUB=X,svm_hmm,11,27.27272727272727,6.39918643823882,0.4725274725274725
USDSGD=X,rule,4,25.0,-0.9588592935559181,0.0
USDSGD=X,xgboost,4,25.0,-0.6799527357327309,0.5
USDSGD=X,rf,4,25.0,-0.9588592935559181,0.5
USDSGD=X,svm_hmm,4,25.0,-0.9588592935559181,0.4861111111111111
USDHKD=X,rule,7,14.285714285714285,-0.25462173088781836,0.0
